clause,description,applicability,critical_question,option_a,option_b,option_c,option_d,learning_objective,discussion_object,gaps_a,gaps_b,gaps_c,gaps_d
1,Scope,All organizations,What is the scope of FSSC 22000 certification?,FSSC 22000 applies to the entire food supply chain,FSSC 22000 applies only to food manufacturing,FSSC 22000 applies only to food packaging,FSSC 22000 applies only to food retail,Understand the scope of FSSC 22000,Discuss applicability to different sectors,Limited understanding of certification scope,Narrow focus on manufacturing only,Incomplete understanding of packaging requirements,Misunderstanding of retail requirements
2,Normative References,All organizations,Which standard forms the basis for FSSC 22000?,ISO 22000 is the core standard for FSSC 22000,HACCP is the only standard referenced,ISO 9001 is the core standard,BRC is the core standard,Understand normative references,Discuss relationship between standards,Complete understanding of normative structure,Incomplete understanding of standard relationships,Incorrect understanding of core standard,Confusion with other certification schemes
3,Terms and Definitions,All organizations,How are terms defined in FSSC 22000?,Terms are defined according to ISO 22000 and sector-specific PRPs,Terms are defined only by the organization,Terms are defined only by regulatory requirements,Terms are defined only by customer requirements,Understand terminology requirements,Discuss importance of consistent definitions,Proper understanding of terminology sources,Inconsistent application of terminology,Regulatory-focused definitions only,Customer-focused definitions only
4.1,Food Safety Management System,All organizations,What is required for the food safety management system?,The organization shall establish, implement, maintain, update and continually improve a FSMS,The organization shall implement HACCP only,The organization shall focus only on product testing,The organization shall implement only regulatory requirements,Understand FSMS requirements,Discuss systematic approach to food safety,Comprehensive management system approach,Limited focus on hazard analysis only,Reactive approach to food safety,Compliance-only approach
4.2,Documentation Requirements,All organizations,What documentation is required by FSSC 22000?,Documented information required by ISO 22000 and additional FSSC requirements,Only HACCP documentation is required,Only regulatory documentation is required,Only quality records are required,Understand documentation requirements,Discuss effective documentation management,Comprehensive documentation system,Limited documentation scope,Regulatory-focused documentation only,Quality-focused documentation only
5.1,Management Commitment,All organizations,How should top management demonstrate commitment?,Top management shall demonstrate leadership and commitment to the FSMS,Management delegates all food safety responsibilities,Management addresses food safety only during audits,Management focuses only on production targets,Understand management commitment requirements,Discuss leadership behaviors for food safety,Active leadership and commitment,Delegation without oversight,Audit-driven approach to food safety,Production-focused priorities
5.2,Food Safety Policy,All organizations,What are the requirements for food safety policy?,Policy shall be appropriate to purpose with framework for objectives,Policy only states compliance with regulations,Policy focuses exclusively on product quality,Policy is documented but not communicated,Understand policy requirements,Discuss how policy supports food safety,Comprehensive policy aligned with purpose,Compliance-focused policy only,Quality-focused policy only,Documented but ineffective policy
5.3,Organizational Roles,All organizations,How should food safety responsibilities be assigned?,Responsibilities and authorities shall be assigned, communicated and understood,Responsibilities are assigned only to quality department,Responsibilities are defined only during audits,Responsibilities are not formally assigned,Understand responsibility assignment requirements,Discuss effective responsibility allocation,Clear assignment and communication of roles,Isolated responsibility assignment,Audit-driven responsibility definition,Undefined responsibilities
6.1,Actions to Address Risks,All organizations,How should the organization address risks and opportunities?,The organization shall determine and address risks and opportunities that affect the FSMS,The organization focuses only on product risks,Risk assessment is performed only during audits,The organization has no formal risk assessment process,Understand risk management requirements,Discuss effective risk assessment methods,Comprehensive risk management approach,Product-focused risk assessment only,Audit-driven risk assessment,No systematic risk approach
6.2,Food Safety Objectives,All organizations,How should food safety objectives be established?,Objectives shall be established at relevant functions and levels,Objectives are established only at corporate level,Objectives focus exclusively on compliance,The organization has not established formal objectives,Understand objective-setting requirements,Discuss effective objective management,Comprehensive objectives at all levels,Limited scope of objectives,Compliance-focused objectives only,No formal objectives
6.3,Planning of Changes,All organizations,How should changes to the FSMS be managed?,Changes shall be planned considering purpose, consequences, resources and responsibilities,Changes are implemented without formal planning,Changes are planned only for major system revisions,The organization makes changes reactively,Understand change management requirements,Discuss effective change planning,Systematic change management approach,Unplanned implementation of changes,Limited planning for major changes only,Reactive approach to changes
7.1,Resources,All organizations,What must be considered for resources?,The organization shall determine and provide necessary resources for the FSMS,Resources are provided only for production,Resources are provided only during audit preparation,Resources are provided only when problems arise,Understand resource management requirements,Discuss resource planning strategies,Comprehensive resource planning,Production-focused resource allocation,Audit-driven resource allocation,Reactive resource allocation
7.2,Competence,All organizations,How should personnel competence be managed?,The organization shall determine necessary competence and ensure personnel are competent,Competence is determined only for technical positions,Training is provided only for regulatory compliance,Training is provided only when problems arise,Understand competence requirements,Discuss effective competence management,Comprehensive competence management,Limited scope of competence management,Compliance-driven training only,Reactive approach to training
7.3,Awareness,All organizations,How should food safety awareness be ensured?,Personnel shall be aware of policy, objectives, contribution and implications,Personnel are informed only about their specific tasks,Awareness is promoted only during audit preparation,The organization does not promote food safety awareness,Understand awareness requirements,Discuss methods for promoting awareness,Comprehensive awareness program,Task-focused awareness only,Audit-driven awareness activities,No systematic awareness program
7.4,Communication,All organizations,What communication is required by FSSC 22000?,The organization shall determine internal and external communications relevant to the FSMS,Communication is determined only for customer interactions,Communication occurs only during audit preparation,The organization has no formal communication process,Understand communication requirements,Discuss effective communication strategies,Comprehensive communication system,Customer-focused communication only,Audit-driven communication,No systematic communication process
7.5,Documented Information,All organizations,How should documented information be controlled?,Documents shall be controlled for availability, protection, distribution, storage and disposition,Documents are controlled only for critical processes,Documents are updated only during audit preparation,The organization has minimal document controls,Understand document control requirements,Discuss effective document management,Comprehensive document control system,Limited scope of document control,Audit-driven document management,Minimal document control
8.1,Operational Planning,All organizations,What is required for operational planning?,The organization shall plan, implement and control processes needed to meet requirements,Planning is done only for production processes,Planning focuses exclusively on food safety hazards,Planning is done only during audit preparation,Understand operational planning requirements,Discuss effective planning methods,Comprehensive process planning,Production-focused planning only,Hazard-focused planning only,Audit-driven planning
8.2,PRPs (Prerequisite Programs),All organizations,How should prerequisite programs be established?,The organization shall establish, implement, maintain and update PRPs,PRPs are established only for production areas,PRPs are updated only during audit preparation,The organization has minimal prerequisite programs,Understand PRP requirements,Discuss effective prerequisite programs,Comprehensive PRP system,Limited scope of PRPs,Audit-driven PRP management,Minimal PRP implementation
8.3,Traceability System,All organizations,What is required for traceability?,The organization shall establish a system to identify product lots and their relation to raw materials and records,Traceability is limited to finished products only,Traceability is tested only during audits,The organization has minimal traceability capabilities,Understand traceability requirements,Discuss effective traceability systems,Comprehensive traceability system,Limited scope of traceability,Audit-driven traceability testing,Minimal traceability implementation
8.4,Emergency Preparedness,All organizations,How should emergency situations be managed?,The organization shall establish, implement and maintain procedures for potential emergency situations,Emergency procedures exist only for major hazards,Emergency procedures are tested only during audits,The organization has minimal emergency procedures,Understand emergency preparedness requirements,Discuss effective emergency management,Comprehensive emergency management system,Limited scope of emergency procedures,Audit-driven emergency testing,Minimal emergency preparedness
8.5,Hazard Control,All organizations,How should hazards be controlled?,The organization shall implement control measures through the HACCP plan and operational PRPs,Hazard control focuses only on CCPs,Hazard control is verified only during audits,The organization has minimal hazard controls,Understand hazard control requirements,Discuss effective control measures,Comprehensive hazard control system,CCP-focused control only,Audit-driven hazard verification,Minimal hazard control implementation
8.6,Updating System Information,All organizations,How should system information be updated?,The organization shall update preliminary information and documents specifying PRPs and HACCP plan,Information is updated only when processes change significantly,Information is updated only during audit preparation,The organization rarely updates system information,Understand system update requirements,Discuss effective information management,Regular systematic updates,Limited updates for major changes only,Audit-driven updates,Minimal system information updates
8.7,Verification of Control Measures,All organizations,How should control measures be verified?,The organization shall establish and implement verification activities for control measures,Verification is performed only for CCPs,Verification is performed only during audits,The organization has minimal verification activities,Understand verification requirements,Discuss effective verification methods,Comprehensive verification system,CCP-focused verification only,Audit-driven verification,Minimal verification activities
8.8,Product and Process Nonconformities,All organizations,How should nonconformities be managed?,The organization shall ensure potentially unsafe products are evaluated before release,Nonconforming products are simply discarded without evaluation,Nonconformities are addressed only during audits,The organization has minimal nonconformity controls,Understand nonconformity management requirements,Discuss effective nonconformity handling,Comprehensive nonconformity management,Disposal without proper evaluation,Audit-driven nonconformity handling,Minimal nonconformity controls
9.1,Monitoring and Measurement,All organizations,What should be monitored and measured?,The organization shall determine what needs to be monitored and measured, when, and how,Monitoring focuses only on finished products,Monitoring is increased only during audit preparation,The organization has minimal monitoring activities,Understand monitoring requirements,Discuss effective monitoring strategies,Comprehensive monitoring system,Product-focused monitoring only,Audit-driven monitoring,Minimal monitoring activities
9.2,Internal Audit,All organizations,How should internal audits be conducted?,The organization shall conduct internal audits at planned intervals with defined criteria and scope,Audits are conducted only for problematic areas,Audits are conducted only before external audits,The organization does not conduct regular internal audits,Understand internal audit requirements,Discuss effective audit programs,Comprehensive audit program,Limited scope of internal audits,External audit-driven internal audits,Minimal internal audit program
9.3,Management Review,All organizations,How should management review the FSMS?,Management shall review the FSMS at planned intervals considering specific inputs and outputs,Reviews are conducted only when problems arise,Reviews focus only on nonconformities,The organization does not conduct regular management reviews,Understand management review requirements,Discuss effective review processes,Comprehensive management review process,Reactive approach to reviews,Limited scope of reviews,Minimal management review process
10.1,Nonconformity and Corrective Action,All organizations,How should corrective actions be managed?,The organization shall identify nonconformities, determine causes, and implement actions to prevent recurrence,Only immediate corrections are implemented,Corrective actions are implemented only after external audits,The organization has minimal corrective action process,Understand corrective action requirements,Discuss effective problem-solving methods,Comprehensive corrective action system,Correction without addressing root causes,External audit-driven corrective actions,Minimal corrective action process
10.2,Continual Improvement,All organizations,How should continual improvement be approached?,The organization shall continually improve the suitability, adequacy and effectiveness of the FSMS,Improvement focuses only on product quality,Improvements are implemented only after external audits,The organization has minimal improvement activities,Understand improvement requirements,Discuss effective improvement strategies,Comprehensive improvement system,Product-focused improvement only,External audit-driven improvements,Minimal improvement activities
10.3,Updating the FSMS,All organizations,How should the FSMS be updated?,Top management shall ensure the FSMS is continually updated,Updates occur only when processes change significantly,Updates occur only after external audits,The organization rarely updates the FSMS,Understand system update requirements,Discuss effective update strategies,Regular systematic updates,Limited updates for major changes only,External audit-driven updates,Minimal system updates
FSSC Additional 1,Food Defense,All organizations,How should food defense be managed?,The organization shall implement a documented food defense plan,Food defense measures focus only on physical security,Food defense is addressed only during audits,The organization has minimal food defense measures,Understand food defense requirements,Discuss effective food defense strategies,Comprehensive food defense system,Limited scope of food defense,Audit-driven food defense,Minimal food defense implementation
FSSC Additional 2,Food Fraud Prevention,All organizations,How should food fraud be prevented?,The organization shall implement a documented food fraud prevention plan,Food fraud measures focus only on raw materials,Food fraud is addressed only during audits,The organization has minimal food fraud measures,Understand food fraud requirements,Discuss effective fraud prevention strategies,Comprehensive fraud prevention system,Limited scope of fraud prevention,Audit-driven fraud prevention,Minimal fraud prevention implementation
FSSC Additional 3,Allergen Management,All organizations,How should allergens be managed?,The organization shall implement a documented allergen management program,Allergen controls focus only on labeling,Allergen management is addressed only during audits,The organization has minimal allergen controls,Understand allergen management requirements,Discuss effective allergen control strategies,Comprehensive allergen management system,Limited scope of allergen management,Audit-driven allergen management,Minimal allergen controls
FSSC Additional 4,Environmental Monitoring,Food manufacturing,How should environmental monitoring be conducted?,The organization shall implement a risk-based environmental monitoring program,Monitoring focuses only on finished product areas,Monitoring is increased only during audit preparation,The organization has minimal environmental monitoring,Understand environmental monitoring requirements,Discuss effective monitoring strategies,Comprehensive monitoring program,Limited scope of monitoring,Audit-driven monitoring,Minimal monitoring program
FSSC Additional 5,Transport and Delivery,All organizations,How should transport and delivery be managed?,The organization shall implement measures to prevent contamination during transport,Transport controls focus only on temperature,Transport is addressed only during audits,The organization has minimal transport controls,Understand transport requirements,Discuss effective transport management,Comprehensive transport management system,Limited scope of transport controls,Audit-driven transport management,Minimal transport controls